,dlrm,dcnv2,autoint,deepfm
user_id,0.02418075263500196,0.046202922860781245,0.18129947831233312,-0.6293048435449606
item_id,0.18582543710867566,-0.013603052099545845,-0.012452147901058466,0.4802662528057892
category,0.0,0.0,0.0,0.0
brand,-0.024952383637428233,0.11299332122007988,0.09931635310252489,0.479307301789522
price_norm,-0.04045327166716234,-0.024379398226738003,-0.10488310108582174,-0.4263592662413916
